date,country,cases_cumulative,deaths_cumulative,recovered_cumulative
1/22/20,china,548,17,28
1/23/20,china,643,18,30
1/24/20,china,920,26,36
1/25/20,china,1406,42,39
1/26/20,china,2075,56,49
1/27/20,china,2877,82,58
1/28/20,china,5509,131,101
1/29/20,china,6087,133,120
1/30/20,china,8141,171,135
1/31/20,china,9802,213,214
2/1/20,china,11891,259,275
2/2/20,china,16630,361,463
2/3/20,china,19716,425,614
2/4/20,china,23707,491,843
2/5/20,china,27440,563,1115
2/6/20,china,30587,633,1477
2/7/20,china,34110,718,1999
2/8/20,china,36814,805,2596
2/9/20,china,39829,905,3219
2/10/20,china,42354,1012,3918
2/11/20,china,44386,1112,4636
2/12/20,china,44759,1117,5082
2/13/20,china,59895,1369,6217
2/14/20,china,66358,1521,7977
2/15/20,china,68413,1663,9298
2/16/20,china,70513,1766,10755
2/17/20,china,72434,1864,12462
2/18/20,china,74211,2003,14206
2/19/20,china,74619,2116,15962
2/20/20,china,75077,2238,18014
2/21/20,china,75550,2238,18704
2/22/20,china,77001,2443,22699
2/23/20,china,77022,2445,23187
2/24/20,china,77241,2595,25015
2/25/20,china,77754,2665,27676
2/26/20,china,78166,2717,30084
2/27/20,china,78600,2746,32930
2/28/20,china,78928,2790,36329
2/29/20,china,79356,2837,39320
3/1/20,china,79932,2872,42162
3/2/20,china,80136,2914,44854
3/3/20,china,80261,2947,47450
3/4/20,china,80386,2983,50001
3/5/20,china,80537,3015,52292
3/6/20,china,80690,3044,53944
3/7/20,china,80770,3072,55539
3/8/20,china,80823,3100,57388
3/9/20,china,80860,3123,58804
3/10/20,china,80887,3139,60181
3/11/20,china,80921,3161,61644
3/12/20,china,80932,3172,62901
3/13/20,china,80945,3180,64196
3/14/20,china,80977,3193,65660
3/15/20,china,81003,3204,67017
3/16/20,china,81033,3219,67910
3/17/20,china,81058,3232,68798
3/18/20,china,81102,3243,69755
3/19/20,china,81156,3251,70535
3/20/20,china,81250,3255,71266
3/21/20,china,81305,3262,71857
3/22/20,china,81435,3277,72362
3/23/20,china,81493,3279,72814
3/24/20,china,81587,3286,73280
3/25/20,china,81658,3290,73773
3/26/20,china,81781,3299,74181
3/27/20,china,81872,3304,74720
3/28/20,china,81964,3307,75100
3/29/20,china,82058,3313,75582
3/30/20,china,82139,3318,75923
3/31/20,china,83786,3323,76206
4/1/20,china,84002,3332,76405
4/2/20,china,84129,3339,76565
4/3/20,china,84265,3348,76760
4/4/20,china,84363,3353,76946
4/5/20,china,84467,3357,77207
4/6/20,china,84611,3361,77310
4/7/20,china,84692,3362,77410
4/8/20,china,84909,3366,77567
4/9/20,china,85024,3372,77679
4/10/20,china,85115,3373,77791
4/11/20,china,85208,3379,77877
4/12/20,china,85377,3381,77956
4/13/20,china,85489,3385,78039
4/14/20,china,85569,3387,78200
4/15/20,china,85668,3389,78311
4/16/20,china,85774,3391,78401
4/17/20,china,86187,4686,77552
4/18/20,china,86258,4687,77614
4/19/20,china,86321,4687,77690
4/20/20,china,86382,4688,77745
4/21/20,china,86452,4691,77799
4/22/20,china,86508,4692,77861
4/23/20,china,86548,4693,77983
4/24/20,china,86594,4694,78109
4/25/20,china,86632,4695,78175
4/26/20,china,86661,4696,78277
4/27/20,china,86692,4696,78374
4/28/20,china,86754,4697,78422
4/29/20,china,86783,4697,78474
4/30/20,china,86828,4697,78523
5/1/20,china,86850,4698,78573
5/2/20,china,86858,4698,78586
5/3/20,china,86842,4699,78684
5/4/20,china,86838,4699,78792
5/5/20,china,86855,4699,78870
5/6/20,china,86877,4699,78929
5/7/20,china,86888,4701,78977
5/8/20,china,86905,4702,78993
5/9/20,china,86934,4702,79127
5/10/20,china,86973,4703,79167
5/11/20,china,86980,4704,79198
5/12/20,china,87002,4704,79222
5/13/20,china,87016,4704,79246
5/14/20,china,87032,4704,79261
5/15/20,china,87052,4704,79281
5/16/20,china,87070,4705,79293
5/17/20,china,87092,4705,79306
5/18/20,china,87119,4705,79310
5/19/20,china,87135,4706,79310
5/20/20,china,87151,4706,79310
5/21/20,china,87190,4706,79310
5/22/20,china,87235,4706,79332
5/23/20,china,87266,4706,79335
5/24/20,china,87313,4706,79343
5/25/20,china,87360,4706,79352
5/26/20,china,87390,4707,79358
5/27/20,china,87421,4708,79367
5/28/20,china,87444,4708,79371
5/29/20,china,87466,4708,79382
5/30/20,china,87475,4708,79386
5/31/20,china,87496,4708,79389
6/1/20,china,87520,4708,79398
6/2/20,china,87535,4708,79400
6/3/20,china,87538,4708,79404
6/4/20,china,87553,4708,79415
6/5/20,china,87561,4708,79420
6/6/20,china,87572,4708,79424
6/7/20,china,87581,4708,79434
6/8/20,china,87587,4708,79444
6/9/20,china,87610,4708,79451
6/10/20,china,87626,4708,79456
6/11/20,china,87636,4708,79464
6/12/20,china,87648,4708,79472
6/13/20,china,87713,4708,79475
6/14/20,china,87769,4708,79482
6/15/20,china,87830,4708,79489
6/16/20,china,87880,4708,79493
6/17/20,china,87921,4708,79510
6/18/20,china,87965,4709,79515
6/19/20,china,87971,4709,79515
6/20/20,china,88034,4709,79534
6/21/20,china,88057,4710,79535
6/22/20,china,88115,4710,79547
6/23/20,china,88150,4711,79555
6/24/20,china,88172,4711,79562
6/25/20,china,88201,4712,79572
6/26/20,china,88229,4712,79580
6/27/20,china,88258,4712,79591
6/28/20,china,88277,4713,79609
6/29/20,china,88305,4713,79619
6/30/20,china,88311,4713,79632
7/1/20,china,88344,4713,79650
7/2/20,china,88360,4713,79665
7/3/20,china,88372,4713,79680
7/4/20,china,88395,4713,79706
7/5/20,china,88415,4713,79718
7/6/20,china,88444,4713,79725
7/7/20,china,88485,4713,79754
7/8/20,china,88524,4713,79802
7/9/20,china,88571,4713,79802
7/10/20,china,88612,4713,79802
7/11/20,china,88657,4713,79876
7/12/20,china,88708,4713,79907
7/13/20,china,88766,4713,79907
7/14/20,china,88828,4714,79967
7/15/20,china,88852,4714,80005
7/16/20,china,88935,4716,80038
7/17/20,china,89015,4716,80064
7/18/20,china,89109,4718,80092
7/19/20,china,89280,4718,80137
7/20/20,china,89376,4718,80162
7/21/20,china,89454,4720,80204
7/22/20,china,89614,4720,80244
7/23/20,china,89768,4721,80297
7/24/20,china,89957,4722,80341
7/25/20,china,90192,4724,80409
7/26/20,china,90432,4724,80459
7/27/20,china,90658,4728,80466
7/28/20,china,90875,4728,80517
7/29/20,china,91074,4730,80594
7/30/20,china,91359,4730,80680
7/31/20,china,91500,4733,80787
8/1/20,china,91690,4737,80907
8/2/20,china,91864,4740,81018
8/3/20,china,91983,4743,81113
8/4/20,china,92109,4747,81234
8/5/20,china,92255,4749,81417
8/6/20,china,92406,4750,81592
8/7/20,china,92540,4752,81788
8/8/20,china,92646,4753,81969
8/9/20,china,92778,4757,82125
8/10/20,china,92919,4760,82247
8/11/20,china,92986,4764,82440
8/12/20,china,93091,4769,82633
8/13/20,china,93210,4771,82804
8/14/20,china,93308,4772,82956
8/15/20,china,93392,4774,83108
8/16/20,china,93503,4775,83200
8/17/20,china,93605,4775,83283
8/18/20,china,93675,4776,83408
8/19/20,china,93720,4778,83566
8/20/20,china,93782,4779,83663
8/21/20,china,93851,4781,83793
8/22/20,china,93922,4782,83924
8/23/20,china,93978,4783,83988
8/24/20,china,94027,4784,84058
8/25/20,china,94077,4784,84168
8/26/20,china,94118,4785,84251
8/27/20,china,94166,4786,84335
8/28/20,china,94202,4791,84419
8/29/20,china,94236,4793,84484
8/30/20,china,94272,4795,84546
8/31/20,china,94310,4796,84594
9/1/20,china,94363,4797,84652
9/2/20,china,94402,4800,84695
9/3/20,china,94445,4801,84737
9/4/20,china,94491,4801,84782
9/5/20,china,94516,4801,84837
9/6/20,china,94565,4802,84873
9/7/20,china,94601,4805,84900
9/8/20,china,94621,4806,84932
9/9/20,china,94641,4806,84957
9/10/20,china,94683,4806,85005
9/11/20,china,94722,4807,85025
9/12/20,china,94752,4808,85054
9/13/20,china,94851,4808,85086
9/14/20,china,94911,4809,85101
9/15/20,china,94934,4809,85129
9/16/20,china,94966,4810,85155
9/17/20,china,95021,4810,85181
9/18/20,china,95056,4811,85204
9/19/20,china,95103,4811,85226
9/20/20,china,95159,4811,85239
9/21/20,china,95196,4811,85257
9/22/20,china,95229,4811,85275
9/23/20,china,95254,4811,85304
9/24/20,china,95289,4812,85323
9/25/20,china,95323,4812,85343
9/26/20,china,95368,4813,85360
9/27/20,china,95416,4813,85381
9/28/20,china,95452,4813,85398
9/29/20,china,95499,4813,85423
9/30/20,china,95536,4813,85460
10/1/20,china,95568,4813,85479
10/2/20,china,95617,4813,85494
10/3/20,china,95648,4813,85511
10/4/20,china,95694,4813,85530
10/5/20,china,95744,4813,85540
10/6/20,china,95789,4813,85566
10/7/20,china,95829,4813,85588
10/8/20,china,95875,4813,85612
10/9/20,china,95913,4813,85641
10/10/20,china,95979,4813,85658
10/11/20,china,96034,4813,85669
10/12/20,china,96083,4813,85690
10/13/20,china,96124,4813,85707
10/14/20,china,96146,4814,85720
10/15/20,china,96203,4814,85743
10/16/20,china,96231,4814,85762
10/17/20,china,96271,4814,85791
10/18/20,china,96322,4814,85819
10/19/20,china,96389,4814,85840
10/20/20,china,96427,4814,85873
10/21/20,china,96461,4814,85899
10/22/20,china,96514,4814,85929
10/23/20,china,96557,4814,85950
10/24/20,china,96602,4814,85974
10/25/20,china,96643,4814,86002
10/26/20,china,96826,4814,86018
10/27/20,china,96921,4814,86031
10/28/20,china,96984,4814,86049
10/29/20,china,97004,4814,86082
10/30/20,china,97097,4814,86111
10/31/20,china,97153,4814,86135
11/1/20,china,97250,4814,86162
11/2/20,china,97333,4814,86189
11/3/20,china,97411,4814,86212
11/4/20,china,97565,4815,86241
11/5/20,china,97622,4816,86264
11/6/20,china,97684,4817,86301
11/7/20,china,97740,4817,86344
11/8/20,china,97816,4818,86369
11/9/20,china,97852,4820,86393
11/10/20,china,97902,4821,86421
11/11/20,china,97948,4821,86451
11/12/20,china,97980,4821,86488
11/13/20,china,98018,4821,86518
11/14/20,china,98045,4821,86543
11/15/20,china,98069,4822,86572
11/16/20,china,98104,4822,86616
11/17/20,china,98126,4822,86667
11/18/20,china,98150,4822,86700
11/19/20,china,98185,4822,86727
11/20/20,china,98240,4822,86751
11/21/20,china,98318,4822,86769
11/22/20,china,98407,4822,86792
11/23/20,china,98511,4823,86816
11/24/20,china,98598,4823,86847
11/25/20,china,98709,4823,86888
11/26/20,china,98796,4823,86900
11/27/20,china,98902,4824,86937
11/28/20,china,99000,4827,86968
11/29/20,china,99142,4827,86998
11/30/20,china,99245,4827,87017
12/1/20,china,99336,4830,87051
12/2/20,china,99458,4831,87101
12/3/20,china,99570,4832,87147
12/4/20,china,99709,4835,87204
12/5/20,china,99839,4835,87259
12/6/20,china,99945,4835,87331
12/7/20,china,100043,4835,87404
12/8/20,china,100159,4835,87483
12/9/20,china,100275,4837,87582
12/10/20,china,100405,4837,87707
12/11/20,china,100509,4837,87815
12/12/20,china,100617,4838,87944
12/13/20,china,100737,4840,88041
12/14/20,china,100844,4843,88122
12/15/20,china,100959,4846,88211
12/16/20,china,101056,4847,88326
12/17/20,china,101170,4849,88429
12/18/20,china,101267,4853,88538
12/19/20,china,101415,4853,88666
12/20/20,china,101521,4854,88781
12/21/20,china,101635,4857,88861
12/22/20,china,101728,4859,88963
12/23/20,china,101811,4860,89104
12/24/20,china,101909,4862,89205
12/25/20,china,102002,4863,89330
12/26/20,china,102102,4864,89423
12/27/20,china,102207,4865,89518
12/28/20,china,102311,4869,89586
12/29/20,china,102389,4874,89697
12/30/20,china,102481,4877,89813
12/31/20,china,102571,4881,89923
1/1/21,china,102649,4884,90031
1/2/21,china,102731,4886,90099
1/3/21,china,102808,4887,90159
1/4/21,china,102930,4888,90213
1/5/21,china,103026,4890,90306
1/6/21,china,103170,4892,90400
1/7/21,china,103331,4895,90478
1/8/21,china,103461,4896,90543
1/9/21,china,103626,4901,90630
1/10/21,china,103754,4903,90697
1/11/21,china,103895,4903,90772
1/12/21,china,104146,4906,90857
1/13/21,china,104322,4912,90953
1/14/21,china,104563,4912,91026
1/15/21,china,104777,4914,91100
1/16/21,china,104995,4919,91158
1/17/21,china,105246,4920,91205
1/18/21,china,105525,4924,91263
1/19/21,china,105715,4928,91322
1/20/21,china,105955,4931,91382
1/21/21,china,106193,4935,91382
1/22/21,china,106453,4936,91526
1/23/21,china,106683,4938,91609
1/24/21,china,106954,4939,91709
1/25/21,china,107069,4943,91775
1/26/21,china,107230,4946,91920
1/27/21,china,107402,4947,92076
1/28/21,china,107510,4950,92223
1/29/21,china,107642,4955,92321
1/30/21,china,107771,4956,92622
1/31/21,china,107827,4960,92779
2/1/21,china,107902,4966,92891
2/2/21,china,107961,4968,93060
2/3/21,china,108012,4970,93280
2/4/21,china,108060,4971,93459
2/5/21,china,108135,4976,93606
2/6/21,china,108174,4976,93752
2/7/21,china,108226,4977,93883
2/8/21,china,108288,4979,93989
2/9/21,china,108342,4982,94147
2/10/21,china,108365,4984,94288
2/11/21,china,108414,4988,94413
2/12/21,china,108450,4990,94536
2/13/21,china,108482,4991,94641
2/14/21,china,108519,4994,94728
2/15/21,china,108551,4995,94796
2/16/21,china,108575,4996,94875
2/17/21,china,108607,4999,94960
2/18/21,china,108645,5001,95034
2/19/21,china,108674,5001,95110
2/20/21,china,108707,5001,95181
2/21/21,china,108743,5001,95241
2/22/21,china,108775,5002,95293
2/23/21,china,108807,5004,95332
2/24/21,china,108839,5005,95462
2/25/21,china,108866,5006,95518
2/26/21,china,108906,5007,95561
2/27/21,china,108950,5007,95605
2/28/21,china,108997,5009,95649
3/1/21,china,109034,5011,95681
3/2/21,china,109061,5012,95721
3/3/21,china,109101,5012,95755
3/4/21,china,109131,5013,95778
3/5/21,china,109162,5013,95804
3/6/21,china,109207,5015,95835
3/7/21,china,109248,5015,95851
3/8/21,china,109280,5015,95869
3/9/21,china,109315,5016,95903
3/10/21,china,109350,5018,95923
3/11/21,china,109390,5019,95951
3/12/21,china,109464,5019,95972
3/13/21,china,109538,5019,96011
3/14/21,china,109577,5019,96040
3/15/21,china,109628,5019,96060
3/16/21,china,109655,5019,96087
3/17/21,china,109686,5019,96123
3/18/21,china,109713,5019,96154
3/19/21,china,109735,5019,96173
3/20/21,china,109762,5019,96208
3/21/21,china,109781,5019,96231
3/22/21,china,109815,5020,96269
3/23/21,china,109850,5020,96314
3/24/21,china,109878,5021,96346
3/25/21,china,109906,5021,96390
3/26/21,china,109960,5022,96433
3/27/21,china,110001,5022,96452
3/28/21,china,110029,5022,96478
3/29/21,china,110060,5022,96504
3/30/21,china,110081,5022,96518
3/31/21,china,110109,5023,96537
4/1/21,china,110169,5023,96558
4/2/21,china,110235,5023,96583
4/3/21,china,110273,5023,96605
4/4/21,china,110327,5023,96619
4/5/21,china,110382,5023,96642
4/6/21,china,110405,5023,96660
4/7/21,china,110442,5023,96675
4/8/21,china,110474,5024,96693
4/9/21,china,110513,5025,96715
4/10/21,china,110536,5026,96729
4/11/21,china,110587,5026,96749
4/12/21,china,110619,5026,96768
4/13/21,china,110658,5026,96788
4/14/21,china,110683,5028,96809
4/15/21,china,110715,5028,96827
4/16/21,china,110778,5028,96839
4/17/21,china,110829,5029,96855
4/18/21,china,110881,5029,96877
4/19/21,china,110916,5030,96895
4/20/21,china,110952,5030,96935
4/21/21,china,110966,5030,96958
4/22/21,china,111014,5030,96989
4/23/21,china,111053,5030,97008
4/24/21,china,111079,5030,97033
4/25/21,china,111110,5030,97055
4/26/21,china,111142,5030,97070
4/27/21,china,111172,5030,97097
4/28/21,china,111211,5030,97123
4/29/21,china,111252,5030,97144
4/30/21,china,111290,5030,97175
5/1/21,china,111325,5031,97206
5/2/21,china,111354,5031,97232
5/3/21,china,111385,5031,97249
5/4/21,china,111411,5031,97266
5/5/21,china,111431,5031,97287
5/6/21,china,111451,5031,97312
5/7/21,china,111478,5031,97332
5/8/21,china,111501,5031,97357
5/9/21,china,111522,5031,97377
5/10/21,china,111558,5031,97390
5/11/21,china,111596,5031,97413
5/12/21,china,111614,5031,97435
5/13/21,china,111637,5031,97454
5/14/21,china,111674,5031,97479
5/15/21,china,111720,5031,97491
5/16/21,china,111766,5031,97519
5/17/21,china,111803,5031,97543
5/18/21,china,111832,5031,97560
5/19/21,china,111857,5031,97578
5/20/21,china,111897,5031,97596
5/21/21,china,111933,5031,97600
5/22/21,china,111975,5031,97621
5/23/21,china,112014,5031,97632
5/24/21,china,112051,5031,97656
5/25/21,china,112082,5031,97672
5/26/21,china,112113,5031,97685
5/27/21,china,112141,5031,97707
5/28/21,china,112183,5031,97726
5/29/21,china,112207,5031,97737
5/30/21,china,112256,5031,97756
5/31/21,china,112286,5031,97770
6/1/21,china,112329,5031,97788
6/2/21,china,112368,5031,97795
6/3/21,china,112407,5031,97813
6/4/21,china,112450,5031,97825
6/5/21,china,112503,5031,97854
6/6/21,china,112539,5031,97863
6/7/21,china,112597,5031,97890
6/8/21,china,112620,5031,97902
6/9/21,china,112653,5031,97923
6/10/21,china,112702,5031,97938
6/11/21,china,112758,5031,97956
6/12/21,china,112820,5031,97979
6/13/21,china,112854,5031,97993
6/14/21,china,112896,5031,98003
6/15/21,china,112943,5031,98020
6/16/21,china,112997,5031,98036
6/17/21,china,113040,5031,98051
6/18/21,china,113094,5032,98084
6/19/21,china,113157,5032,98104
6/20/21,china,113186,5032,98114
6/21/21,china,113229,5032,98148
6/22/21,china,113278,5032,98172
6/23/21,china,113305,5032,98211
6/24/21,china,113347,5032,98243
6/25/21,china,113394,5033,98280
6/26/21,china,113431,5033,98309
6/27/21,china,113478,5033,98331
6/28/21,china,113519,5033,98353
6/29/21,china,113555,5033,98368
6/30/21,china,113577,5033,98399
7/1/21,china,113614,5033,98420
7/2/21,china,113667,5034,98450
7/3/21,china,113694,5034,98468
7/4/21,china,113735,5034,98492
7/5/21,china,113771,5037,98527
7/6/21,china,113854,5037,98549
7/7/21,china,113910,5038,98579
7/8/21,china,113943,5038,98603
7/9/21,china,113992,5038,98619
7/10/21,china,114006,5038,98590
7/11/21,china,114074,5039,98660
7/12/21,china,114112,5040,98682
7/13/21,china,114156,5040,98700
7/14/21,china,114193,5040,98727
7/15/21,china,114236,5040,98739
7/16/21,china,114286,5040,98769
7/17/21,china,114330,5041,98796
7/18/21,china,114386,5042,98811
7/19/21,china,114464,5043,98837
7/20/21,china,114489,5043,98798
7/21/21,china,114589,5044,98881
7/22/21,china,114648,5044,98906
7/23/21,china,114711,5044,98903
7/24/21,china,114763,5045,98950
7/25/21,china,114853,5045,98979
7/26/21,china,114935,5045,98999
7/27/21,china,115032,5046,99022
7/28/21,china,115090,5046,99048
7/29/21,china,115170,5046,99070
7/30/21,china,115248,5046,99091
7/31/21,china,115341,5047,99119
8/1/21,china,115473,5047,99150
8/2/21,china,115619,5047,99172
8/3/21,china,115760,5047,99187
8/4/21,china,115854,5047,99228
8/5/21,china,116037,5047,0
8/6/21,china,116198,5047,0
8/7/21,china,116327,5047,0
8/8/21,china,116460,5048,0
8/9/21,china,116601,5048,0
8/10/21,china,116710,5048,0
8/11/21,china,116803,5049,0
8/12/21,china,116944,5049,0
8/13/21,china,117016,5049,0
8/14/21,china,117083,5050,0
8/15/21,china,117160,5050,0
8/16/21,china,117216,5050,0
8/17/21,china,117263,5050,0
8/18/21,china,117329,5050,0
8/19/21,china,117391,5050,0
8/20/21,china,117441,5050,0
8/21/21,china,117493,5052,0
8/22/21,china,117538,5053,0
8/23/21,china,117591,5053,0
8/24/21,china,117622,5053,0
8/25/21,china,117661,5055,0
8/26/21,china,117711,5055,0
8/27/21,china,117768,5055,0
8/28/21,china,117813,5055,0
8/29/21,china,117859,5055,0
8/30/21,china,117919,5056,0
8/31/21,china,117950,5056,0
9/1/21,china,117991,5056,0
9/2/21,china,118037,5057,0
9/3/21,china,118082,5058,0
9/4/21,china,118126,5059,0
9/5/21,china,118172,5060,0
9/6/21,china,118223,5060,0
9/7/21,china,118255,5061,0
9/8/21,china,118296,5061,0
9/9/21,china,118321,5061,0
9/10/21,china,118371,5061,0
9/11/21,china,118437,5061,0
9/12/21,china,118528,5061,0
9/13/21,china,118646,5063,0
9/14/21,china,118724,5063,0
9/15/21,china,118808,5064,0
9/16/21,china,118892,5064,0
9/17/21,china,118958,5064,0
9/18/21,china,119038,5064,0
9/19/21,china,119101,5064,0
9/20/21,china,119188,5064,0
9/21/21,china,119239,5064,0
9/22/21,china,119290,5065,0
9/23/21,china,119360,5065,0
9/24/21,china,119418,5067,0
9/25/21,china,119471,5068,0
9/26/21,china,119526,5068,0
9/27/21,china,119578,5068,0
9/28/21,china,119624,5068,0
9/29/21,china,119670,5069,0
9/30/21,china,119726,5069,0
10/1/21,china,119790,5069,0
10/2/21,china,119832,5070,0
10/3/21,china,119872,5071,0
10/4/21,china,119916,5071,0
10/5/21,china,119965,5071,0
10/6/21,china,120007,5071,0
10/7/21,china,120048,5071,0
10/8/21,china,120081,5071,0
10/9/21,china,120102,5071,0
10/10/21,china,120169,5072,0
10/11/21,china,120195,5072,0
10/12/21,china,120234,5072,0
10/13/21,china,120278,5072,0
10/14/21,china,120304,5072,0
10/15/21,china,120349,5072,0
10/16/21,china,120389,5074,0
10/17/21,china,120426,5074,0
10/18/21,china,120460,5074,0
10/19/21,china,120507,5075,0
10/20/21,china,120550,5075,0
10/21/21,china,120629,5076,0
10/22/21,china,120701,5077,0
10/23/21,china,120765,5077,0
10/24/21,china,120817,5077,0
10/25/21,china,120872,5077,0
10/26/21,china,120954,5078,0
10/27/21,china,121015,5078,0
10/28/21,china,121102,5078,0
10/29/21,china,121200,5078,0
10/30/21,china,121292,5078,0
10/31/21,china,121396,5079,0
11/1/21,china,121477,5081,0
11/2/21,china,121593,5081,0
11/3/21,china,121714,5081,0
11/4/21,china,121827,5081,0
11/5/21,china,121925,5081,0
11/6/21,china,122022,5082,0
11/7/21,china,122141,5083,0
11/8/21,china,122228,5083,0
11/9/21,china,122345,5083,0
11/10/21,china,122445,5085,0
11/11/21,china,122563,5085,0
11/12/21,china,122658,5086,0
11/13/21,china,122750,5086,0
11/14/21,china,122826,5086,0
11/15/21,china,122855,5086,0
11/16/21,china,122895,5086,0
11/17/21,china,122946,5086,0
11/18/21,china,122994,5086,0
11/19/21,china,123041,5086,0
11/20/21,china,123076,5086,0
11/21/21,china,123123,5086,0
11/22/21,china,123169,5086,0
11/23/21,china,123212,5087,0
11/24/21,china,123252,5088,0
11/25/21,china,123293,5088,0
11/26/21,china,123339,5088,0
11/27/21,china,123376,5088,0
11/28/21,china,123441,5089,0
11/29/21,china,123501,5089,0
11/30/21,china,123638,5089,0
12/1/21,china,123725,5089,0
12/2/21,china,123839,5089,0
12/3/21,china,123956,5089,0
12/4/21,china,124034,5090,0
12/5/21,china,124123,5090,0
12/6/21,china,124262,5090,0
12/7/21,china,124346,5091,0
12/8/21,china,124447,5091,0
12/9/21,china,124549,5091,0
12/10/21,china,124673,5091,0
12/11/21,china,124751,5091,0
12/12/21,china,124856,5091,0
12/13/21,china,124925,5092,0
12/14/21,china,125012,5094,0
12/15/21,china,125112,5095,0
12/16/21,china,125216,5095,0
12/17/21,china,125363,5095,0
12/18/21,china,125475,5095,0
12/19/21,china,125623,5097,0
12/20/21,china,125695,5099,0
12/21/21,china,125835,5100,0
12/22/21,china,125958,5100,0
12/23/21,china,126065,5101,0
12/24/21,china,126233,5101,0
12/25/21,china,126319,5102,0
12/26/21,china,126559,5102,0
12/27/21,china,126937,5102,0
12/28/21,china,127161,5102,0
12/29/21,china,127390,5102,0
12/30/21,china,127623,5103,0
12/31/21,china,127896,5103,0
1/1/22,china,128132,5103,0
1/2/22,china,128259,5103,0
1/3/22,china,128596,5104,0
1/4/22,china,128771,5104,0
1/5/22,china,129064,5104,0
1/6/22,china,129280,5105,0
1/7/22,china,129491,5106,0
1/8/22,china,129738,5107,0
1/9/22,china,129959,5109,0
1/10/22,china,130213,5109,0
1/11/22,china,130497,5111,0
1/12/22,china,130737,5111,0
1/13/22,china,130977,5111,0
1/14/22,china,131184,5112,0
1/15/22,china,131327,5113,0
1/16/22,china,131601,5114,0
1/17/22,china,131796,5114,0
1/18/22,china,131928,5115,0
1/19/22,china,132043,5115,0
1/20/22,china,132148,5116,0
1/21/22,china,132264,5116,0
1/22/22,china,132383,5116,0
1/23/22,china,132597,5116,0
1/24/22,china,132772,5116,0
1/25/22,china,132978,5117,0
1/26/22,china,133209,5117,0
1/27/22,china,133484,5117,0
1/28/22,china,133709,5117,0
1/29/22,china,133939,5117,0
1/30/22,china,134139,5118,0
1/31/22,china,134345,5119,0
2/1/22,china,134564,5119,0
2/2/22,china,134745,5119,0
2/3/22,china,135008,5119,0
2/4/22,china,135216,5119,0
2/5/22,china,135663,5120,0
2/6/22,china,136115,5120,0
2/7/22,china,136880,5120,0
2/8/22,china,137648,5121,0
2/9/22,china,138855,5123,0
2/10/22,china,139968,5124,0
2/11/22,china,141448,5125,0
2/12/22,china,143060,5128,0
2/13/22,china,144519,5128,0
2/14/22,china,146700,5130,0
2/15/22,china,148461,5133,0
2/16/22,china,152856,5136,0
2/17/22,china,159083,5148,0
2/18/22,china,162889,5169,0
2/19/22,china,169170,5186,0
2/20/22,china,175417,5198,0
2/21/22,china,183114,5210,0
2/22/22,china,189565,5246,0
2/23/22,china,198478,5295,0
2/24/22,china,207599,5335,0
2/25/22,china,217932,5408,0
2/26/22,china,292792,5488,0
2/27/22,china,344032,5570,0
2/28/22,china,400569,5655,0
3/1/22,china,456582,5901,0
3/2/22,china,533295,6079,0
3/3/22,china,610697,6279,0
3/4/22,china,683791,6467,0
3/5/22,china,751844,6687,0
3/6/22,china,792163,6920,0
3/7/22,china,829306,7201,0
3/8/22,china,868818,7492,0
3/9/22,china,899945,7784,0
3/10/22,china,932696,8066,0
3/11/22,china,963302,8361,0
3/12/22,china,992569,8646,0
3/13/22,china,1028437,8910,0
3/14/22,china,1057573,9196,0
3/15/22,china,1090400,9485,0
3/16/22,china,1123895,9764,0
3/17/22,china,1147435,10054,0
3/18/22,china,1171570,10319,0
3/19/22,china,1193563,10571,0
3/20/22,china,1210422,10817,0
3/21/22,china,1228883,11040,0
3/22/22,china,1249958,11285,0
3/23/22,china,1266606,11490,0
3/24/22,china,1283788,11691,0
3/25/22,china,1299036,11883,0
3/26/22,china,1313471,12024,0
3/27/22,china,1327092,12175,0
3/28/22,china,1340972,12344,0
3/29/22,china,1355883,12495,0
3/30/22,china,1371807,12630,0
3/31/22,china,1385495,12749,0
4/1/22,china,1400358,12869,0
4/2/22,china,1414142,12985,0
4/3/22,china,1430893,13097,0
4/4/22,china,1446956,13187,0
4/5/22,china,1466859,13274,0
4/6/22,china,1490014,13385,0
4/7/22,china,1515913,13482,0
4/8/22,china,1541981,13568,0
4/9/22,china,1569185,13630,0
4/10/22,china,1597094,13695,0
4/11/22,china,1626085,13752,0
4/12/22,china,1652078,13812,0
4/13/22,china,1682737,13874,0
4/14/22,china,1713300,13928,0
4/15/22,china,1738527,13995,0
4/16/22,china,1762757,14037,0
4/17/22,china,1787635,14066,0
4/18/22,china,1811382,14096,0
4/19/22,china,1832597,14120,0
4/20/22,china,1849430,14131,0
4/21/22,china,1869000,14166,0
4/22/22,china,1888027,14192,0
4/23/22,china,1911669,14213,0
4/24/22,china,1933414,14265,0
4/25/22,china,1953258,14334,0
4/26/22,china,1970377,14393,0
4/27/22,china,1983788,14449,0
4/28/22,china,1994593,14501,0
4/29/22,china,2005524,14564,0
4/30/22,china,2015624,14621,0
5/1/22,china,2024284,14697,0
5/2/22,china,2031342,14722,0
5/3/22,china,2037518,14745,0
5/4/22,china,2043178,14761,0
5/5/22,china,2048423,14778,0
5/6/22,china,2053250,14802,0
5/7/22,china,2057995,14810,0
5/8/22,china,2062668,14823,0
5/9/22,china,2066938,14830,0
5/10/22,china,2070480,14842,0
5/11/22,china,2072376,14850,0
5/12/22,china,2074583,14854,0
5/13/22,china,2077182,14858,0
5/14/22,china,2079353,14862,0
5/15/22,china,2081192,14867,0
5/16/22,china,2082624,14868,0
5/17/22,china,2084058,14871,0
5/18/22,china,2085584,14876,0
5/19/22,china,2086877,14877,0
5/20/22,china,2088229,14882,0
5/21/22,china,2089569,14885,0
5/22/22,china,2090677,14886,0
5/23/22,china,2091649,14887,0
5/24/22,china,2092491,14887,0
5/25/22,china,2093305,14890,0
5/26/22,china,2094030,14893,0
5/27/22,china,2094679,14894,0
5/28/22,china,2095275,14895,0
5/29/22,china,2095730,14895,0
5/30/22,china,2096200,14897,0
5/31/22,china,2096684,14897,0
6/1/22,china,2097282,14899,0
6/2/22,china,2097925,14900,0
6/3/22,china,2098595,14902,0
6/4/22,china,2099041,14903,0
6/5/22,china,2099865,14907,0
6/6/22,china,2100607,14907,0
6/7/22,china,2101049,14910,0
6/8/22,china,2101560,14910,0
6/9/22,china,2102379,14911,0
6/10/22,china,2103227,14912,0
6/11/22,china,2104341,14913,0
6/12/22,china,2105331,14913,0
6/13/22,china,2106288,14913,0
6/14/22,china,2107342,14914,0
6/15/22,china,2108598,14915,0
6/16/22,china,2109935,14915,0
6/17/22,china,2111214,14916,0
6/18/22,china,2112692,14916,0
6/19/22,china,2114127,14918,0
6/20/22,china,2115561,14919,0
6/21/22,china,2116897,14919,0
6/22/22,china,2118491,14920,0
6/23/22,china,2120269,14921,0
6/24/22,china,2122283,14921,0
6/25/22,china,2124209,14922,0
6/26/22,china,2126233,14922,0
6/27/22,china,2128225,14922,0
6/28/22,china,2130033,14923,0
6/29/22,china,2132190,14924,0
6/30/22,china,2134718,14927,0
7/1/22,china,2137169,14928,0
7/2/22,china,2139919,14932,0
7/3/22,china,2142216,14934,0
7/4/22,china,2144566,14934,0
7/5/22,china,2147330,14934,0
7/6/22,china,2150503,14935,0
7/7/22,china,2153986,14936,0
7/8/22,china,2157433,14939,0
7/9/22,china,2160884,14940,0
7/10/22,china,2164305,14943,0
7/11/22,china,2167619,14950,0
7/12/22,china,2170811,14952,0
7/13/22,china,2174317,14955,0
7/14/22,china,2178366,14963,0
7/15/22,china,2182488,14968,0
7/16/22,china,2186813,14969,0
7/17/22,china,2190992,14973,0
7/18/22,china,2195056,14976,0
7/19/22,china,2198945,14980,0
7/20/22,china,2203789,14981,0
7/21/22,china,2209013,14986,0
7/22/22,china,2214254,14992,0
7/23/22,china,2219264,15000,0
7/24/22,china,2224482,15009,0
7/25/22,china,2229362,15012,0
7/26/22,china,2234541,15019,0
7/27/22,china,2240160,15029,0
7/28/22,china,2245156,15034,0
7/29/22,china,2250565,15039,0
7/30/22,china,2255689,15045,0
7/31/22,china,2260777,15046,0
8/1/22,china,2265424,15052,0
8/2/22,china,2270011,15063,0
8/3/22,china,2274979,15067,0
8/4/22,china,2280418,15070,0
8/5/22,china,2285355,15074,0
8/6/22,china,2290634,15079,0
8/7/22,china,2295769,15084,0
8/8/22,china,2300466,15091,0
8/9/22,china,2304661,15094,0
8/10/22,china,2311307,15099,0
8/11/22,china,2316346,15101,0
8/12/22,china,2322331,15106,0
8/13/22,china,2330459,15109,0
8/14/22,china,2339195,15112,0
8/15/22,china,2345333,15116,0
8/16/22,china,2354676,15127,0
8/17/22,china,2363469,15131,0
8/18/22,china,2372972,15136,0
8/19/22,china,2382169,15144,0
8/20/22,china,2390686,15149,0
8/21/22,china,2397571,15152,0
8/22/22,china,2407635,15157,0
8/23/22,china,2416140,15167,0
8/24/22,china,2425558,15182,0
8/25/22,china,2435598,15192,0
8/26/22,china,2443816,15199,0
8/27/22,china,2452580,15203,0
8/28/22,china,2466054,15213,0
8/29/22,china,2476316,15217,0
8/30/22,china,2486863,15231,0
8/31/22,china,2498088,15240,0
9/1/22,china,2510703,15251,0
9/2/22,china,2522721,15259,0
9/3/22,china,2533531,15266,0
9/4/22,china,2547297,15275,0
9/5/22,china,2558905,15283,0
9/6/22,china,2569910,15292,0
9/7/22,china,2581660,15308,0
9/8/22,china,2594190,15320,0
9/9/22,china,2605616,15331,0
9/10/22,china,2616674,15339,0
9/11/22,china,2626983,15350,0
9/12/22,china,2635990,15361,0
9/13/22,china,2644191,15371,0
9/14/22,china,2652714,15381,0
9/15/22,china,2661940,15387,0
9/16/22,china,2671881,15403,0
9/17/22,china,2680816,15419,0
9/18/22,china,2689291,15442,0
9/19/22,china,2696527,15452,0
9/20/22,china,2702866,15459,0
9/21/22,china,2709291,15468,0
9/22/22,china,2716077,15485,0
9/23/22,china,2722353,15650,0
9/24/22,china,2728374,15657,0
9/25/22,china,2733103,15667,0
9/26/22,china,2737936,15679,0
9/27/22,china,2742421,15686,0
9/28/22,china,2747530,15700,0
9/29/22,china,2752556,15705,0
9/30/22,china,2757442,15713,0
10/1/22,china,2762150,15719,0
10/2/22,china,2766475,15725,0
10/3/22,china,2770859,15728,0
10/4/22,china,2775058,15736,0
10/5/22,china,2779780,15746,0
10/6/22,china,2785437,15752,0
10/7/22,china,2791596,15754,0
10/8/22,china,2799588,15767,0
10/9/22,china,2804912,15770,0
10/10/22,china,2811879,15781,0
10/11/22,china,2820009,15790,0
10/12/22,china,2825166,15799,0
10/13/22,china,2832279,15807,0
10/14/22,china,2838844,15814,0
10/15/22,china,2845461,15821,0
10/16/22,china,2852031,15827,0
10/17/22,china,2858293,15832,0
10/18/22,china,2864168,15839,0
10/19/22,china,2870228,15852,0
10/20/22,china,2876602,15861,0
10/21/22,china,2882971,15870,0
10/22/22,china,2889897,15877,0
10/23/22,china,2896422,15881,0
10/24/22,china,2902917,15888,0
10/25/22,china,2909352,15898,0
10/26/22,china,2916167,15905,0
10/27/22,china,2923470,15913,0
10/28/22,china,2930381,15920,0
10/29/22,china,2937389,15928,0
10/30/22,china,2944653,15940,0
10/31/22,china,2952291,15952,0
11/1/22,china,2959481,15965,0
11/2/22,china,2967572,15973,0
11/3/22,china,2976228,15983,0
11/4/22,china,2984649,15994,0
11/5/22,china,2997306,16012,0
11/6/22,china,3002843,16025,0
11/7/22,china,3013968,16030,0
11/8/22,china,3026615,16034,0
11/9/22,china,3046538,16047,0
11/10/22,china,3053673,16056,0
11/11/22,china,3070130,16066,0
11/12/22,china,3100114,16072,0
11/13/22,china,3108324,16081,0
11/14/22,china,3129859,16091,0
11/15/22,china,3153405,15781,0
11/16/22,china,3200035,15789,0
11/17/22,china,3210359,15801,0
11/18/22,china,3242270,15809,0
11/19/22,china,3295792,15819,0
11/20/22,china,3329533,15834,0
11/21/22,china,3364415,15847,0
11/22/22,china,3373507,15860,0
11/23/22,china,3437108,15872,0
11/24/22,china,3449676,15885,0
11/25/22,china,3490482,15901,0
11/26/22,china,3533755,15910,0
11/27/22,china,3580291,15930,0
11/28/22,china,3627131,15957,0
11/29/22,china,3705990,15970,0
11/30/22,china,3719252,15986,0
12/1/22,china,3764783,16001,0
12/2/22,china,3837220,16012,0
12/3/22,china,3851748,16031,0
12/4/22,china,3892221,16047,0
12/5/22,china,3931982,16067,0
12/6/22,china,3967054,16083,0
12/7/22,china,4004311,16105,0
12/8/22,china,4039789,16132,0
12/9/22,china,4070575,16155,0
12/10/22,china,4097741,16176,0
12/11/22,china,4123336,16200,0
12/12/22,china,4146984,16225,0
12/13/22,china,4167941,16262,0
12/14/22,china,4182811,16297,0
12/15/22,china,4199891,16316,0
12/16/22,china,4215617,16348,0
12/17/22,china,4221819,16390,0
12/18/22,china,4239659,16416,0
12/19/22,china,4275828,16506,0
12/20/22,china,4290905,16509,0
12/21/22,china,4313898,16593,0
12/22/22,china,4337428,16594,0
12/23/22,china,4361840,16634,0
12/24/22,china,4386235,16673,0
12/25/22,china,4410207,16725,0
12/26/22,china,4434075,16775,0
12/27/22,china,4458006,16838,0
12/28/22,china,4484059,16900,0
12/29/22,china,4514557,16964,0
12/30/22,china,4549736,17042,0
12/31/22,china,4584205,17102,0
1/1/23,china,4612203,17167,0
1/2/23,china,4637347,17249,0
1/3/23,china,4661332,17333,0
1/4/23,china,4687167,17402,0
1/5/23,china,4715239,17477,0
1/6/23,china,4745734,17544,0
1/7/23,china,4768765,17624,0
1/8/23,china,4797126,17698,0
1/9/23,china,4808767,17762,0
1/10/23,china,4818146,17837,0
1/11/23,china,4827425,17904,0
1/12/23,china,4836767,18001,0
1/13/23,china,4845027,18072,0
1/14/23,china,4852776,18126,0
1/15/23,china,4859037,78087,0
1/16/23,china,4863690,78137,0
1/17/23,china,4867556,78190,0
1/18/23,china,4871355,78247,0
1/19/23,china,4875374,78294,0
1/20/23,china,4879169,78336,0
1/21/23,china,4882683,91023,0
1/22/23,china,4885426,91061,0
1/23/23,china,4887702,91111,0
1/24/23,china,4889691,91147,0
1/25/23,china,4891987,91174,0
1/26/23,china,4894391,91204,0
1/27/23,china,4896727,91226,0
1/28/23,china,4900210,97623,0
1/29/23,china,4903495,97643,0
1/30/23,china,4903496,97648,0
1/31/23,china,4903497,97663,0
2/1/23,china,4903498,97668,0
2/2/23,china,4903503,97680,0
2/3/23,china,4903505,97685,0
2/4/23,china,4903507,100970,0
2/5/23,china,4903507,100977,0
2/6/23,china,4903509,100982,0
2/7/23,china,4903513,100990,0
2/8/23,china,4903515,100992,0
2/9/23,china,4903516,100998,0
2/10/23,china,4903516,101003,0
2/11/23,china,4903517,101007,0
2/12/23,china,4903517,101009,0
2/13/23,china,4903517,101013,0
2/14/23,china,4903517,101016,0
2/15/23,china,4903520,101020,0
2/16/23,china,4903520,101022,0
2/17/23,china,4903520,101024,0
2/18/23,china,4903521,101029,0
2/19/23,china,4903521,101031,0
2/20/23,china,4903521,101034,0
2/21/23,china,4903523,101036,0
2/22/23,china,4903523,101036,0
2/23/23,china,4903523,101036,0
2/24/23,china,4903523,101038,0
2/25/23,china,4903524,101040,0
2/26/23,china,4903524,101042,0
2/27/23,china,4903524,101042,0
2/28/23,china,4903524,101048,0
3/1/23,china,4903524,101051,0
3/2/23,china,4903524,101051,0
3/3/23,china,4903524,101052,0
3/4/23,china,4903524,101053,0
3/5/23,china,4903524,101054,0
3/6/23,china,4903524,101055,0
3/7/23,china,4903524,101055,0
3/8/23,china,4903524,101055,0
3/9/23,china,4903524,101056,0
